condition,site,scenario,falls_per_10min,lin_vel_err_mps,yaw_rate_err_radps,stall_fraction,upright_fraction
c1,held_out,slippery_floor,0.0,0.14128553057962812,0.11779829377620728,0.2103456729590586,0.9918333333333335
c1,held_out,heavy_payload,0.0,0.1306583640042435,0.11729502612266991,0.000980632507967639,0.9918333333333335
c1,held_out,rough_floor,0.0,0.13578277821620202,0.1705674376550376,0.09226117512462205,0.9918333333333335
c1,held_out,worn_gears,0.0,0.12745248045286017,0.15692636269383223,0.001961265015935278,0.9918333333333335
c1,held_out,low_battery,0.0,0.1440820566366323,0.15536735189121761,0.05172836479529296,0.9918333333333335
c1,held_out,slow_link,0.0,0.11717951550718571,0.12004478719957672,0.003677371904878647,0.9918333333333335
c1,held_out,bumped,3.3333333333333335,0.133041953668928,0.18557231648409747,0.051280726671112505,0.9862777777777779
c1,held_out,site_combined,0.0,0.13744239802018046,0.16052409575620266,0.09438587889188527,0.9918333333333335
c1,nominal,nominal,0.0,0.12669432386826185,0.14208860754650438,0.01127727384162785,0.9918333333333335
